"","MRN","Mrn_Vis","dipping.status","visit","sbp","dbp","Gender","Age","HR","Drug_conut","DM","time","dip"
"1","CGMHLK0001","CGMHLK00013","Non dipper",3,139,83,1,60,65.8060416666667,3,1,1,1
"2","CGMHLK0001","CGMHLK00013","Non dipper",3,146,83,1,60,65.8060416666667,3,1,2,1
"3","CGMHLK0002","CGMHLK00023","Non dipper",3,125,73,2,71,62.831,1,2,1,1
"4","CGMHLK0002","CGMHLK00023","Non dipper",3,137,84,2,71,62.831,1,2,2,1
"5","CGMHLK0003","CGMHLK00033","Dipper",3,130,88,1,46,73.985,1,1,1,0
"6","CGMHLK0003","CGMHLK00033","Dipper",3,116,80,1,46,73.985,1,1,2,0
"7","CGMHLK0004","CGMHLK00043","Non dipper",3,123,76,1,56,67.2216666666667,4,2,1,1
"8","CGMHLK0004","CGMHLK00043","Non dipper",3,140,79,1,56,67.2216666666667,4,2,2,1
"9","CGMHLK0007","CGMHLK00073","Non dipper",3,129,87,1,24,74.1475641025641,0,1,1,1
"10","CGMHLK0007","CGMHLK00073","Non dipper",3,129,87,1,24,74.1475641025641,0,1,2,1
"11","CGMHLK0010","CGMHLK00103","Reverse dipper",3,129,87,1,55,68.8633333333333,1,1,1,1
"12","CGMHLK0010","CGMHLK00103","Reverse dipper",3,139,89,1,55,68.8633333333333,1,1,2,1
"13","CGMHLK0011","CGMHLK00113","Reverse dipper",3,123,74,2,63,64.9655555555556,1,2,1,1
"14","CGMHLK0011","CGMHLK00113","Reverse dipper",3,139,87,2,63,64.9655555555556,1,2,2,1
"15","CGMHLK0013","CGMHLK00133","Non dipper",3,143,96,2,69,70.274,3,2,1,1
"16","CGMHLK0013","CGMHLK00133","Non dipper",3,138,89,2,69,70.274,3,2,2,1
"17","CGMHLK0015","CGMHLK00153","Dipper",3,137,86,1,31,71.71,2,2,1,0
"18","CGMHLK0015","CGMHLK00153","Dipper",3,128,80,1,31,71.71,2,2,2,0
"19","CGMHLK0016","CGMHLK00163","Non dipper",3,142,86,1,69,68.5446666666667,2,2,1,1
"20","CGMHLK0016","CGMHLK00163","Non dipper",3,143,88,1,69,68.5446666666667,2,2,2,1
"21","CGMHLK0020","CGMHLK00203","Non dipper",3,140,69,1,66,61.5904945054945,1,2,1,1
"22","CGMHLK0020","CGMHLK00203","Non dipper",3,140,66,1,66,61.5904945054945,1,2,2,1
"23","CGMHLK0022","CGMHLK00223","Reverse dipper",3,138,91,1,39,75.32,0,1,1,1
"24","CGMHLK0022","CGMHLK00223","Reverse dipper",3,127,82,1,39,75.32,0,1,2,1
"25","CGMHLK0023","CGMHLK00233","Non dipper",3,132,80,1,65,60.5448595848596,2,1,1,1
"26","CGMHLK0023","CGMHLK00233","Non dipper",3,125,75,1,65,60.5448595848596,2,1,2,1
"27","CGMHLK0027","CGMHLK00273","Non dipper",3,115,68,1,50,63.062380952381,0,1,1,1
"28","CGMHLK0027","CGMHLK00273","Non dipper",3,111,68,1,50,63.062380952381,0,1,2,1
"29","CGMHLK0029","CGMHLK00293","Non dipper",3,127,75,2,51,66.569,2,2,1,1
"30","CGMHLK0029","CGMHLK00293","Non dipper",3,133,79,2,51,66.569,2,2,2,1
"31","CGMHLK0030","CGMHLK00303","Dipper",3,120,70,1,71,64.5750833333333,2,2,1,0
"32","CGMHLK0030","CGMHLK00303","Dipper",3,121,68,1,71,64.5750833333333,2,2,2,0
"33","CGMHLK0031","CGMHLK00313","Non dipper",3,134,93,1,37,71.5273974358974,1,1,1,1
"34","CGMHLK0031","CGMHLK00313","Non dipper",3,130,90,1,37,71.5273974358974,1,1,2,1
"35","CGMHLK0033","CGMHLK00333","Dipper",3,133,78,1,61,66.4233333333333,2,2,1,0
"36","CGMHLK0033","CGMHLK00333","Dipper",3,136,79,1,61,66.4233333333333,2,2,2,0
"37","CGMHLK0034","CGMHLK00343","Reverse dipper",3,146,85,1,61,70.303,4,2,1,1
"38","CGMHLK0034","CGMHLK00343","Reverse dipper",3,144,79,1,61,70.303,4,2,2,1
"39","CGMHLK0036","CGMHLK00363","Non dipper",3,134,91,1,37,69.2783974358974,1,1,1,1
"40","CGMHLK0036","CGMHLK00363","Non dipper",3,130,85,1,37,69.2783974358974,1,1,2,1
"41","CGMHLK0038","CGMHLK00383","Non dipper",3,134,100,1,49,65.6433557692308,2,1,1,1
"42","CGMHLK0038","CGMHLK00383","Non dipper",3,142,105,1,49,65.6433557692308,2,1,2,1
"43","CGMHLK0039","CGMHLK00393","Reverse dipper",3,136,71,1,83,62.3669230769231,3,2,1,1
"44","CGMHLK0039","CGMHLK00393","Reverse dipper",3,139,75,1,83,62.3669230769231,3,2,2,1
"45","CGMHLK0042","CGMHLK00423","Dipper",3,123,89,2,32,74.6870714285714,1,1,1,0
"46","CGMHLK0042","CGMHLK00423","Dipper",3,125,88,2,32,74.6870714285714,1,1,2,0
"47","CGMHLK0043","CGMHLK00433","Dipper",3,111,71,1,56,65.10875,0,1,1,0
"48","CGMHLK0043","CGMHLK00433","Dipper",3,110,74,1,56,65.10875,0,1,2,0
"49","CGMHLK0046","CGMHLK00463","Non dipper",3,138,73,1,74,62.0296428571429,1,2,1,1
"50","CGMHLK0046","CGMHLK00463","Non dipper",3,156,75,1,74,62.0296428571429,1,2,2,1
"51","CGMHLK0050","CGMHLK00503","Non dipper",3,125,62,1,76,62.7,2,1,1,1
"52","CGMHLK0050","CGMHLK00503","Non dipper",3,120,61,1,76,62.7,2,1,2,1
"53","CGMHLK0051","CGMHLK00513","Non dipper",3,125,74,1,61,65.513,2,1,1,1
"54","CGMHLK0051","CGMHLK00513","Non dipper",3,123,72,1,61,65.513,2,1,2,1
"55","CGMHLK0069","CGMHLK00693","Non dipper",3,127,70,1,81,61.1733333333333,2,1,1,1
"56","CGMHLK0069","CGMHLK00693","Non dipper",3,119,66,1,81,61.1733333333333,2,1,2,1
"57","CGMHLK0072","CGMHLK00723","Non dipper",3,116,75,1,32,72.65,0,1,1,1
"58","CGMHLK0072","CGMHLK00723","Non dipper",3,124,78,1,32,72.65,0,1,2,1
"59","CGMHLK0074","CGMHLK00743","Reverse dipper",3,132,71,2,61,62.875,1,1,1,1
"60","CGMHLK0074","CGMHLK00743","Reverse dipper",3,144,81,2,61,62.875,1,1,2,1
"61","CGMHLK0077","CGMHLK00773","Non dipper",3,161,90,1,54,66.3317797619048,2,1,1,1
"62","CGMHLK0077","CGMHLK00773","Non dipper",3,147,82,1,54,66.3317797619048,2,1,2,1
"63","CGMHLK0079","CGMHLK00793","Non dipper",3,126,94,1,60,71.9942142857143,2,1,1,1
"64","CGMHLK0079","CGMHLK00793","Non dipper",3,125,91,1,60,71.9942142857143,2,1,2,1
"65","CGMHLK0080","CGMHLK00803","Dipper",3,115,82,2,47,71.2865714285714,1,1,1,0
"66","CGMHLK0080","CGMHLK00803","Dipper",3,102,71,2,47,71.2865714285714,1,1,2,0
"67","CGMHLK0084","CGMHLK00843","Reverse dipper",3,105,78,1,66,65.1395,2,1,1,1
"68","CGMHLK0084","CGMHLK00843","Reverse dipper",3,103,73,1,66,65.1395,2,1,2,1
"69","CGMHLK0085","CGMHLK00853","Reverse dipper",3,134,91,1,62,65.8227142857143,2,2,1,1
"70","CGMHLK0085","CGMHLK00853","Reverse dipper",3,128,84,1,62,65.8227142857143,2,2,2,1
"71","CGMHLK0087","CGMHLK00873","Dipper",3,112,65,2,72,67.9775,2,2,1,0
"72","CGMHLK0087","CGMHLK00873","Dipper",3,131,84,2,72,67.9775,2,2,2,0
"73","CGMHLK0088","CGMHLK00883","Non dipper",3,125,85,2,63,67.8366666666667,1,1,1,1
"74","CGMHLK0088","CGMHLK00883","Non dipper",3,121,80,2,63,67.8366666666667,1,1,2,1
"75","CGMHLK0092","CGMHLK00923","Non dipper",3,127,84,1,55,68.0473333333333,0,3,1,1
"76","CGMHLK0092","CGMHLK00923","Non dipper",3,134,89,1,55,68.0473333333333,0,3,2,1
"77","CGMHLK0098","CGMHLK00983","Reverse dipper",3,114,84,1,56,71.208,0,3,1,1
"78","CGMHLK0098","CGMHLK00983","Reverse dipper",3,117,86,1,56,71.208,0,3,2,1
"79","CGMHLK0100","CGMHLK01003","Dipper",3,139,74,1,78,61.7870833333333,3,3,1,0
"80","CGMHLK0100","CGMHLK01003","Dipper",3,147,75,1,78,61.7870833333333,3,3,2,0
"81","CGMHLK0102","CGMHLK01023","Dipper",3,119,83,1,63,66.345,2,3,1,0
"82","CGMHLK0102","CGMHLK01023","Dipper",3,124,82,1,63,66.345,2,3,2,0
"83","CGMHLK0103","CGMHLK01033","Non dipper",3,142,74,2,65,64.1066666666667,1,3,1,1
"84","CGMHLK0103","CGMHLK01033","Non dipper",3,140,72,2,65,64.1066666666667,1,3,2,1
"85","CGMHLK0104","CGMHLK01043","Non dipper",3,123,85,1,63,68.0422222222222,2,3,1,1
"86","CGMHLK0104","CGMHLK01043","Non dipper",3,127,83,1,63,68.0422222222222,2,3,2,1
"87","CGMHLK0106","CGMHLK01063","Non dipper",3,123,76,1,68,68.4657142857143,2,3,1,1
"88","CGMHLK0106","CGMHLK01063","Non dipper",3,113,71,1,68,68.4657142857143,2,3,2,1
"89","CGMHLK0108","CGMHLK01083","Reverse dipper",3,114,82,2,44,76.7485714285714,1,3,1,1
"90","CGMHLK0108","CGMHLK01083","Reverse dipper",3,110,75,2,44,76.7485714285714,1,3,2,1
"93","CMUH0006","CMUH00063","Reverse dipper",3,128,74,1,54,51,0,1,1,1
"94","CMUH0006","CMUH00063","Reverse dipper",3,126,68,1,54,51,0,1,2,1
"95","EDA0038","EDA00383","Non dipper",3,115,74,2,55,69,1,1,1,1
"96","EDA0038","EDA00383","Non dipper",3,119,74,2,55,69,1,1,2,1
"97","EDA0041","EDA00413","Non dipper",3,128,83,2,48,57,2,1,1,1
"98","EDA0041","EDA00413","Non dipper",3,124,79,2,48,57,2,1,2,1
"99","EDA0043","EDA00433","Non dipper",3,135,79,1,54,62,3,1,1,1
"100","EDA0043","EDA00433","Non dipper",3,142,82,1,54,62,3,1,2,1
"101","KMUH0029","KMUH00293","Reverse dipper",3,122,70,2,70,63.2638888888889,2,1,1,1
"102","KMUH0029","KMUH00293","Reverse dipper",3,123,70,2,70,63.2638888888889,2,1,2,1
"103","KMUH0034","KMUH00343","Reverse dipper",3,156,84,1,52,69.0998333333333,2,2,1,1
"104","KMUH0034","KMUH00343","Reverse dipper",3,145,75,1,52,69.0998333333333,2,2,2,1
"109","KMUH0042","KMUH00423","Non dipper",3,123,74,2,60,63.5388888888889,1,1,1,1
"110","KMUH0042","KMUH00423","Non dipper",3,130,74,2,60,63.5388888888889,1,1,2,1
"111","KMUH0043","KMUH00433","Reverse dipper",3,136,62,2,74,61.685,3,1,1,1
"112","KMUH0043","KMUH00433","Reverse dipper",3,143,69,2,74,61.685,3,1,2,1
"113","KMUH0044","KMUH00443","Dipper",3,153,80,2,61,65.0688888888889,3,2,1,0
"114","KMUH0044","KMUH00443","Dipper",3,152,81,2,61,65.0688888888889,3,2,2,0
"115","KMUH0045","KMUH00453","Dipper",3,122,64,1,30,68.345,2,1,1,0
"116","KMUH0045","KMUH00453","Dipper",3,126,64,1,30,68.345,2,1,2,0
"117","KMUH0046","KMUH00463","Non dipper",3,114,68,1,77,62.11,1,1,1,1
"118","KMUH0046","KMUH00463","Non dipper",3,120,66,1,77,62.11,1,1,2,1
"119","KMUH0047","KMUH00473","Non dipper",3,123,81,1,58,68.3185,2,1,1,1
"120","KMUH0047","KMUH00473","Non dipper",3,120,81,1,58,68.3185,2,1,2,1
"121","KMUH0049","KMUH00493","Non dipper",3,137,69,1,68,61.5354945054945,1,2,1,1
"122","KMUH0049","KMUH00493","Non dipper",3,137,66,1,68,61.5354945054945,1,2,2,1
"123","KMUH0052","KMUH00523","Non dipper",3,117,75,2,62,66.0975,1,1,1,1
"124","KMUH0052","KMUH00523","Non dipper",3,127,76,2,62,66.0975,1,1,2,1
"125","KMUH0053","KMUH00533","Dipper",3,124,79,2,49,68.196,1,1,1,0
"126","KMUH0053","KMUH00533","Dipper",3,122,78,2,49,68.196,1,1,2,0
"127","KMUH0054","KMUH00543","Non dipper",3,141,78,1,66,61.6483814102564,2,1,1,1
"128","KMUH0054","KMUH00543","Non dipper",3,142,78,1,66,61.6483814102564,2,1,2,1
"129","KMUH0055","KMUH00553","Dipper",3,143,95,2,50,72.3656666666667,1,1,1,0
"130","KMUH0055","KMUH00553","Dipper",3,140,89,2,50,72.3656666666667,1,1,2,0
"131","KMUH0058","KMUH00583","Non dipper",3,161,113,2,50,66.7825,2,1,1,1
"132","KMUH0058","KMUH00583","Non dipper",3,157,107,2,50,66.7825,2,1,2,1
"133","KMUH0059","KMUH00593","Reverse dipper",3,115,65,2,76,66.545,3,1,1,1
"134","KMUH0059","KMUH00593","Reverse dipper",3,112,63,2,76,66.545,3,1,2,1
"135","KMUH0061","KMUH00613","Dipper",3,107,56,2,80,63.0113333333333,1,1,1,0
"136","KMUH0061","KMUH00613","Dipper",3,112,60,2,80,63.0113333333333,1,1,2,0
"137","KMUH0062","KMUH00623","Dipper",3,145,81,2,60,67.0285555555556,1,1,1,0
"138","KMUH0062","KMUH00623","Dipper",3,145,81,2,60,67.0285555555556,1,1,2,0
"139","KMUH0063","KMUH00633","Dipper",3,126,78,2,51,63.7796666666667,1,1,1,0
"140","KMUH0063","KMUH00633","Dipper",3,124,74,2,51,63.7796666666667,1,1,2,0
"141","KMUH0064","KMUH00643","Dipper",3,112,76,1,39,75.08,0,1,1,0
"142","KMUH0064","KMUH00643","Dipper",3,124,82,1,39,75.08,0,1,2,0
"143","KMUH0065","KMUH00653","Non dipper",3,132,67,1,74,59.21,3,2,1,1
"144","KMUH0065","KMUH00653","Non dipper",3,137,67,1,74,59.21,3,2,2,1
"145","KMUH0068","KMUH00683","Non dipper",3,121,75,1,57,66.301,4,2,1,1
"146","KMUH0068","KMUH00683","Non dipper",3,113,64,1,57,66.301,4,2,2,1
"147","KMUH0070","KMUH00703","Reverse dipper",3,147,95,1,51,66.2147916666667,2,1,1,1
"148","KMUH0070","KMUH00703","Reverse dipper",3,157,95,1,51,66.2147916666667,2,1,2,1
